<?xml version="1.0" encoding="iso-8859-1"?>
<install type="module" version="1.5.0" method="upgrade">
	<name>JoomlaWatch Users</name>
	<author>Matej Koval - http://www.codegravity.com</author>
	<creationDate>2011</creationDate>
	<copyright>www.codegravity.com</copyright>
	<license>http://www.gnu.org/licenses/gpl-3.0.txt GNU/GPLv3</license>
	<authorEmail>foo@codegravity.com</authorEmail>
	<authorUrl>http://www.codegravity.com</authorUrl>
	<version>1.2.18 BETA.507</version>
	<description>
	INSTRUCTIONS: This module allows to display the most active users and their total count for the current day in the frontend.
	</description>
	<files>
	<filename module="mod_joomlawatch_users">mod_joomlawatch_users.php</filename>
	</files>
	<params>
			<param name="moduleclass_sfx" type="text" default="" label="Module Class Suffix" description="PARAMMODULECLASSSUFFIX" />
	</params>

	<updateservers>
		<server type="extension" priority="1" name="JoomlaWatch Update Site">http://www.codegravity.com/update/joomlawatch/joomlawatch-update.xml</server>
	</updateservers>

</install>
