<?xml version="1.0" encoding="UTF-8"?>
<install version="1.5.0" type="component">
    <name>JoomlaWatch</name>
    <creationDate>2011</creationDate>
    <author>Matej Koval - http://www.codegravity.com</author>
    <copyright>Copyright 2006-2011 by Matej Koval</copyright>
    <authorEmail>foo@codegravity.com</authorEmail>
    <authorUrl>http://www.codegravity.com</authorUrl>
    <version>1.2.18 BETA.507</version>
    <license>http://www.gnu.org/licenses/gpl-3.0.txt GNU/GPLv3</license>
    <description>
        JoomlaWatch is an AJAX component and module for Joomla CMS that allows you to watch
        your website visitors and bots in real-time from the administration menu. Specially
        their IP addresses, countries they come from, geographical location on a map, which
        pages they are viewing, their browser and operating system, it creates daily and
        all-time stats from these information plus unique, pageload and total hits statistics.
        Furthermore, you can block harmful IP addresses, see blocked attempts stats, evaluate
        the trend charts, and create goals based on many parameters. In the frontend, it can
        show the top countries information and visit counts for certain periods of time.
    </description>
    <files>
        <filename>lang/english.php</filename>
        <filename>lang/german.utf-8.php</filename>
        <filename>lang/slovak.utf-8.php</filename>
        <filename>lang/slovak.iso8859-2.php</filename>
        <filename>lang/spanish.utf-8.php</filename>
        <filename>lang/russian.utf-8.php</filename>
        <filename>lang/russian.cp1251.php</filename>
        <filename>lang/french.utf-8.php</filename>
        <filename>lang/dutch.php</filename>
        <filename>lang/brazilian.portuguese.utf-8.php</filename>
        <filename>lang/slovenian.utf-8.php</filename>
        <filename>lang/greek.utf-8.php</filename>
        <filename>lang/swedish.utf-8.php</filename>
        <filename>lang/czech.utf-8.php</filename>
        <filename>lang/danish.utf-8.php</filename>
        <filename>lang/lithuanian.utf-8.php</filename>
        <filename>lang/polish.utf-8.php</filename>
        <filename>lang/turkish.utf-8.php</filename>
        <filename>lang/italian.utf-8.php</filename>
        <filename>lang/latvian.utf-8.php</filename>
        <filename>lang/ukrainian.utf-8.php</filename>
        <filename>lang/ukrainian.cp1251.php</filename>
        <filename>lang/bulgarian.utf-8.php</filename>
        <filename>lang/estonian.php</filename>
        <filename>lang/estonian.utf-8.php</filename>

        <filename>view/adminbody.php</filename>
        <filename>view/adminheader.php</filename>
        <filename>view/adminstyles.php</filename>
        <filename>view/antispam.php</filename>
        <filename>view/credits.php</filename>
        <filename>view/datecontrol.php</filename>
        <filename>view/emails.php</filename>
        <filename>view/flow.php</filename>
        <filename>view/goal.php</filename>
        <filename>view/goals.php</filename>
        <filename>view/history.php</filename>
        <filename>view/license.php</filename>
        <filename>view/license-commercial.php</filename>
        <filename>view/license-free.php</filename>
        <filename>view/settings.php</filename>
        <filename>view/sizecomponents.php</filename>
        <filename>view/sizemodules.php</filename>
        <filename>view/sizedatabase.php</filename>
        <filename>view/sizes.php</filename>
        <filename>view/stats-footer.php</filename>
        <filename>view/stats-header.php</filename>
        <filename>view/stats-today.php</filename>
        <filename>view/stats-total.php</filename>
        <filename>view/status.php</filename>
        <filename>view/trendtooltip.php</filename>
        <filename>view/visits.php</filename>
        <filename>view/index.html</filename>
        <filename>view/update.php</filename>
        <filename>view/seo.php</filename>
        <filename>view/datecontrolget.php</filename>

        <filename>log/joomlawatch.log.php</filename>

        <filename>admin.joomlawatch.html.php</filename>

        <filename>class.joomlawatch.block.php</filename>
        <filename>class.joomlawatch.block.html.php</filename>
        <filename>class.joomlawatch.cache.php</filename>
        <filename>class.joomlawatch.config.php</filename>
        <filename>class.joomlawatch.db.php</filename>
        <filename>class.joomlawatch.flow.php</filename>
        <filename>class.joomlawatch.flow.html.php</filename>
        <filename>class.joomlawatch.goal.php</filename>
        <filename>class.joomlawatch.goal.html.php</filename>
        <filename>class.joomlawatch.helper.php</filename>
        <filename>class.joomlawatch.log.php</filename>
        <filename>class.joomlawatch.sizes.php</filename>
        <filename>class.joomlawatch.stat.php</filename>
        <filename>class.joomlawatch.stat.html.php</filename>
        <filename>class.joomlawatch.trend.html.php</filename>
        <filename>class.joomlawatch.visit.php</filename>
        <filename>class.joomlawatch.visit.history.php</filename>
        <filename>class.joomlawatch.visit.history.html.php</filename>
        <filename>class.joomlawatch.visit.html.php</filename>
        <filename>class.ipinfodb.php</filename>
        <filename>includes.php</filename>

        <filename>class.ip2country.php</filename>
        <filename>class.joomlawatch.php</filename>
        <filename>class.joomlawatch.html.php</filename>
        <filename>config.php</filename>
        <filename>img.php</filename>
        <filename>stats.php</filename>
        <filename>visits.php</filename>
        <filename>block.php</filename>
        <filename>last.php</filename>
        <filename>lastvisit.php</filename>
        <filename>sizequery.php</filename>
        <filename>sizequerytotal.php</filename>
        <filename>vars.php</filename>

        <filename>tooltip.php</filename>
        <filename>trendtooltip.php</filename>

        <filename>index.html</filename>
        <filename>css/index.html</filename>
        <filename>flags/index.html</filename>
        <filename>icons/index.html</filename>
        <filename>js/index.html</filename>
        <filename>lang/index.html</filename>
        <filename>sql/index.html</filename>

        <filename>INSTALL.txt</filename>
        <filename>LICENSE.txt</filename>
        <filename>README.txt</filename>
        <filename>UPGRADE.txt</filename>

        <filename>js/ajax-dynamic-content.js</filename>
        <filename>js/ajax.js</filename>
        <filename>js/coda-slider.1.1.1.js</filename>
        <filename>js/fade.js</filename>
        <filename>js/joomlawatch.js.php</filename>
        <filename>js/jquery.js</filename>
        <filename>js/jquery-1.4.2.min.js</filename>
        <filename>js/jquery-easing.1.2.js</filename>
        <filename>js/jquery-easing-compatibility.1.2.js</filename>
        <filename>js/jquery-ui-1.8.1.custom.min.js</filename>
        <filename>js/maps.js.php</filename>
        <filename>js/jxml.js</filename>
        <filename>js/jdownloadurl.js</filename>
        <filename>js/OpenLayers/OpenLayers.js</filename>
        <filename>js/OpenLayers/img/east-mini.png</filename>
		<filename>js/OpenLayers/img/marker.png</filename>
		<filename>js/OpenLayers/img/north-mini.png</filename>
		<filename>js/OpenLayers/img/slider.png</filename>
		<filename>js/OpenLayers/img/south-mini.png</filename>
		<filename>js/OpenLayers/img/west-mini.png</filename>
		<filename>js/OpenLayers/img/zoom-minus-mini.png</filename>
		<filename>js/OpenLayers/img/zoom-plus-mini.png</filename>
		<filename>js/OpenLayers/img/zoom-world-mini.png</filename>
        
		<filename>js/springy/springy.js</filename>
		<filename>js/springy/springyui.js</filename>
		<filename>js/springy/LICENSE</filename>

        <filename>css/joomlawatch.css.php</filename>
        <filename>css/ajax-tooltip.css</filename>
        <filename>css/coda-slider.css</filename>
        <filename>css/joomlawatch.css</filename>

        <filename>icons/map_icon.gif</filename>
        <filename>icons/trend_icon.gif</filename>

        <filename>icons/published.png</filename>
        <filename>icons/unpublished.png</filename>
        <filename>icons/reload.gif</filename>
        <filename>icons/new.gif</filename>
        <filename>icons/edit.gif</filename>
        <filename>icons/delete.gif</filename>
        <filename>icons/print.gif</filename>
        <filename>icons/goal.gif</filename>
        <filename>icons/help.gif</filename>

        <filename>icons/progress_bar_vertical.gif</filename>
        <filename>icons/progress_bar_vertical_wide.gif</filename>
        <filename>icons/progress_bar_vertical_faded.gif</filename>
        <filename>icons/trend_gray.gif</filename>
        <filename>icons/trend_red.gif</filename>
        <filename>icons/trend_green.gif</filename>
        <filename>icons/external.gif</filename>
        <filename>icons/emails.png</filename>

        <filename>icons/blank.gif</filename>
        <filename>icons/bsd.gif</filename>
        <filename>icons/calendar.gif</filename>
        <filename>icons/collapse.gif</filename>
        <filename>icons/expand.gif</filename>
        <filename>icons/explorer.gif</filename>
        <filename>icons/firefox.gif</filename>
        <filename>icons/joomlawatch-logo-16x16.gif</filename>
        <filename>icons/joomlawatch-logo-16x16-blank.gif</filename>
        <filename>icons/joomlawatch-logo-32x32.gif</filename>
        <filename>icons/linux.gif</filename>
        <filename>icons/mac.gif</filename>
        <filename>icons/mozilla.gif</filename>
        <filename>icons/opera.gif</filename>
        <filename>icons/palm.gif</filename>
        <filename>icons/progress_bar.gif</filename>
        <filename>icons/progress_bar_hits.gif</filename>
        <filename>icons/progress_bar_loads.gif</filename>
        <filename>icons/progress_bar_unique.gif</filename>
        <filename>icons/safari.gif</filename>
        <filename>icons/sun.gif</filename>
        <filename>icons/tab-none.gif</filename>
        <filename>icons/tab-off.gif</filename>
        <filename>icons/tab-on.gif</filename>
        <filename>icons/unknown-os.gif</filename>
        <filename>icons/windows.gif</filename>
        <filename>icons/windows98.gif</filename>
        <filename>icons/windowsnt.gif</filename>
        <filename>icons/windowsvista.gif</filename>
        <filename>icons/windowsxp.gif</filename>
        <filename>icons/chrome.gif</filename>
        <filename>icons/windows7.gif</filename>

        <filename>icons/settings.gif</filename>
        <filename>icons/antispam.gif</filename>
        <filename>icons/credits.png</filename>
        <filename>icons/credits-background.png</filename>
        <filename>icons/history.png</filename>
        <filename>icons/status.png</filename>
        <filename>icons/joomlawatch-logo.png</filename>
        <filename>icons/block.png</filename>
        <filename>icons/license.png</filename>
        <filename>icons/tick.png</filename>

		<filename>icons/submit.png</filename>
		<filename>icons/sizes.png</filename>
		<filename>icons/flow.png</filename>
		<filename>icons/hsv.png</filename>
		<filename>icons/refresh.png</filename>
		<filename>icons/refresh_all.png</filename>
		<filename>icons/joomlawatch-demo-pro.png</filename>
		<filename>icons/update.png</filename>
		<filename>icons/seo.png</filename>

        <filename>flags/none.png</filename>
        <filename>flags/ad.png</filename>
        <filename>flags/ae.png</filename>
        <filename>flags/af.png</filename>
        <filename>flags/ag.png</filename>
        <filename>flags/ai.png</filename>
        <filename>flags/al.png</filename>
        <filename>flags/am.png</filename>
        <filename>flags/an.png</filename>
        <filename>flags/ao.png</filename>
        <filename>flags/aq.png</filename>
        <filename>flags/ar.png</filename>
        <filename>flags/as.png</filename>
        <filename>flags/at.png</filename>
        <filename>flags/au.png</filename>
        <filename>flags/aw.png</filename>
        <filename>flags/ax.png</filename>
        <filename>flags/az.png</filename>
        <filename>flags/ba.png</filename>
        <filename>flags/bb.png</filename>
        <filename>flags/bd.png</filename>
        <filename>flags/be.png</filename>
        <filename>flags/bf.png</filename>
        <filename>flags/bg.png</filename>
        <filename>flags/bh.png</filename>
        <filename>flags/bi.png</filename>
        <filename>flags/bj.png</filename>
        <filename>flags/bm.png</filename>
        <filename>flags/bn.png</filename>
        <filename>flags/bo.png</filename>
        <filename>flags/br.png</filename>
        <filename>flags/bs.png</filename>
        <filename>flags/bt.png</filename>
        <filename>flags/bv.png</filename>
        <filename>flags/bw.png</filename>
        <filename>flags/by.png</filename>
        <filename>flags/bz.png</filename>
        <filename>flags/ca.png</filename>
        <filename>flags/cc.png</filename>
        <filename>flags/cd.png</filename>
        <filename>flags/cf.png</filename>
        <filename>flags/cg.png</filename>
        <filename>flags/ch.png</filename>
        <filename>flags/ci.png</filename>
        <filename>flags/ck.png</filename>
        <filename>flags/cl.png</filename>
        <filename>flags/cm.png</filename>
        <filename>flags/cn.png</filename>
        <filename>flags/co.png</filename>
        <filename>flags/cr.png</filename>
        <filename>flags/cs.png</filename>
        <filename>flags/cu.png</filename>
        <filename>flags/cv.png</filename>
        <filename>flags/cx.png</filename>
        <filename>flags/cy.png</filename>
        <filename>flags/cz.png</filename>
        <filename>flags/de.png</filename>
        <filename>flags/dj.png</filename>
        <filename>flags/dk.png</filename>
        <filename>flags/dm.png</filename>
        <filename>flags/do.png</filename>
        <filename>flags/dz.png</filename>
        <filename>flags/ec.png</filename>
        <filename>flags/ee.png</filename>
        <filename>flags/eg.png</filename>
        <filename>flags/eh.png</filename>
        <filename>flags/er.png</filename>
        <filename>flags/es.png</filename>
        <filename>flags/et.png</filename>
        <filename>flags/fi.png</filename>
        <filename>flags/fj.png</filename>
        <filename>flags/fk.png</filename>
        <filename>flags/fm.png</filename>
        <filename>flags/fo.png</filename>
        <filename>flags/fr.png</filename>
        <filename>flags/fx.png</filename>
        <filename>flags/ga.png</filename>
        <filename>flags/gb.png</filename>
        <filename>flags/gd.png</filename>
        <filename>flags/ge.png</filename>
        <filename>flags/gf.png</filename>
        <filename>flags/gg.png</filename>
        <filename>flags/gh.png</filename>
        <filename>flags/gi.png</filename>
        <filename>flags/gl.png</filename>
        <filename>flags/gm.png</filename>
        <filename>flags/gn.png</filename>
        <filename>flags/gp.png</filename>
        <filename>flags/gq.png</filename>
        <filename>flags/gr.png</filename>
        <filename>flags/gs.png</filename>
        <filename>flags/gt.png</filename>
        <filename>flags/gu.png</filename>
        <filename>flags/gw.png</filename>
        <filename>flags/gy.png</filename>
        <filename>flags/hk.png</filename>
        <filename>flags/hm.png</filename>
        <filename>flags/hn.png</filename>
        <filename>flags/hr.png</filename>
        <filename>flags/ht.png</filename>
        <filename>flags/hu.png</filename>
        <filename>flags/id.png</filename>
        <filename>flags/ie.png</filename>
        <filename>flags/il.png</filename>
        <filename>flags/in.png</filename>
        <filename>flags/io.png</filename>
        <filename>flags/iq.png</filename>
        <filename>flags/ir.png</filename>
        <filename>flags/is.png</filename>
        <filename>flags/it.png</filename>
        <filename>flags/je.png</filename>
        <filename>flags/jm.png</filename>
        <filename>flags/jo.png</filename>
        <filename>flags/jp.png</filename>
        <filename>flags/ke.png</filename>
        <filename>flags/kg.png</filename>
        <filename>flags/kh.png</filename>
        <filename>flags/ki.png</filename>
        <filename>flags/km.png</filename>
        <filename>flags/kn.png</filename>
        <filename>flags/kp.png</filename>
        <filename>flags/kr.png</filename>
        <filename>flags/kw.png</filename>
        <filename>flags/ky.png</filename>
        <filename>flags/kz.png</filename>
        <filename>flags/la.png</filename>
        <filename>flags/lb.png</filename>
        <filename>flags/lc.png</filename>
        <filename>flags/li.png</filename>
        <filename>flags/lk.png</filename>
        <filename>flags/lr.png</filename>
        <filename>flags/ls.png</filename>
        <filename>flags/lt.png</filename>
        <filename>flags/lu.png</filename>
        <filename>flags/lv.png</filename>
        <filename>flags/ly.png</filename>
        <filename>flags/ma.png</filename>
        <filename>flags/mc.png</filename>
        <filename>flags/md.png</filename>
        <filename>flags/me.png</filename>
        <filename>flags/mg.png</filename>
        <filename>flags/mh.png</filename>
        <filename>flags/mk.png</filename>
        <filename>flags/ml.png</filename>
        <filename>flags/mm.png</filename>
        <filename>flags/mn.png</filename>
        <filename>flags/mo.png</filename>
        <filename>flags/mp.png</filename>
        <filename>flags/mq.png</filename>
        <filename>flags/mr.png</filename>
        <filename>flags/ms.png</filename>
        <filename>flags/mt.png</filename>
        <filename>flags/mu.png</filename>
        <filename>flags/mv.png</filename>
        <filename>flags/mw.png</filename>
        <filename>flags/mx.png</filename>
        <filename>flags/my.png</filename>
        <filename>flags/mz.png</filename>
        <filename>flags/na.png</filename>
        <filename>flags/nc.png</filename>
        <filename>flags/ne.png</filename>
        <filename>flags/nf.png</filename>
        <filename>flags/ng.png</filename>
        <filename>flags/ni.png</filename>
        <filename>flags/nl.png</filename>
        <filename>flags/no.png</filename>
        <filename>flags/np.png</filename>
        <filename>flags/nr.png</filename>
        <filename>flags/nu.png</filename>
        <filename>flags/nz.png</filename>
        <filename>flags/om.png</filename>
        <filename>flags/pa.png</filename>
        <filename>flags/pe.png</filename>
        <filename>flags/pf.png</filename>
        <filename>flags/pg.png</filename>
        <filename>flags/ph.png</filename>
        <filename>flags/pk.png</filename>
        <filename>flags/pl.png</filename>
        <filename>flags/pm.png</filename>
        <filename>flags/pn.png</filename>
        <filename>flags/pr.png</filename>
        <filename>flags/ps.png</filename>
        <filename>flags/pt.png</filename>
        <filename>flags/pw.png</filename>
        <filename>flags/py.png</filename>
        <filename>flags/qa.png</filename>
        <filename>flags/re.png</filename>
        <filename>flags/ro.png</filename>
        <filename>flags/rs.png</filename>
        <filename>flags/rs.woa.png</filename>
        <filename>flags/ru.png</filename>
        <filename>flags/rw.png</filename>
        <filename>flags/sa.png</filename>
        <filename>flags/sb.png</filename>
        <filename>flags/sc.png</filename>
        <filename>flags/sd.png</filename>
        <filename>flags/se.png</filename>
        <filename>flags/sg.png</filename>
        <filename>flags/sh.png</filename>
        <filename>flags/si.png</filename>
        <filename>flags/sj.png</filename>
        <filename>flags/sk.png</filename>
        <filename>flags/sl.png</filename>
        <filename>flags/sm.png</filename>
        <filename>flags/sn.png</filename>
        <filename>flags/so.png</filename>
        <filename>flags/sr.png</filename>
        <filename>flags/st.png</filename>
        <filename>flags/sv.png</filename>
        <filename>flags/sy.png</filename>
        <filename>flags/sz.png</filename>
        <filename>flags/tc.png</filename>
        <filename>flags/td.png</filename>
        <filename>flags/tf.png</filename>
        <filename>flags/tg.png</filename>
        <filename>flags/th.png</filename>
        <filename>flags/tj.png</filename>
        <filename>flags/tk.png</filename>
        <filename>flags/tl.png</filename>
        <filename>flags/tm.png</filename>
        <filename>flags/tn.png</filename>
        <filename>flags/to.png</filename>
        <filename>flags/tp.png</filename>
        <filename>flags/tr.png</filename>
        <filename>flags/tt.png</filename>
        <filename>flags/tv.png</filename>
        <filename>flags/tw.png</filename>
        <filename>flags/tz.png</filename>
        <filename>flags/ua.png</filename>
        <filename>flags/ug.png</filename>
        <filename>flags/um.png</filename>
        <filename>flags/us.png</filename>
        <filename>flags/uy.png</filename>
        <filename>flags/uz.png</filename>
        <filename>flags/va.png</filename>
        <filename>flags/vc.png</filename>
        <filename>flags/ve.png</filename>
        <filename>flags/vg.png</filename>
        <filename>flags/vi.png</filename>
        <filename>flags/vn.png</filename>
        <filename>flags/vu.png</filename>
        <filename>flags/wf.png</filename>
        <filename>flags/ws.png</filename>
        <filename>flags/ye.png</filename>
        <filename>flags/yt.png</filename>
        <filename>flags/yu.png</filename>
        <filename>flags/za.png</filename>
        <filename>flags/zm.png</filename>
        <filename>flags/zw.png</filename>

		<filename>flags/bl.png</filename>
		<filename>flags/mf.png</filename>
		<filename>flags/xt.png</filename>
        <filename>flags/xx.png</filename>

        <filename>sql/joomlawatch-1.sql</filename>
        <filename>sql/joomlawatch-2.sql</filename>
        <filename>sql/joomlawatch-3.sql</filename>
        <filename>sql/joomlawatch-4.sql</filename>
        <filename>sql/joomlawatch-5.sql</filename>
        <filename>sql/joomlawatch-6.sql</filename>
        <filename>sql/joomlawatch-7.sql</filename>
        <filename>sql/joomlawatch-8.sql</filename>
        <filename>sql/joomlawatch-9.sql</filename>

        <filename>sql/joomlawatch-10.sql</filename>
        <filename>sql/joomlawatch-11.sql</filename>
        <filename>sql/joomlawatch-12.sql</filename>
        <filename>sql/joomlawatch-13.sql</filename>
        <filename>sql/joomlawatch-14.sql</filename>
        <filename>sql/joomlawatch-15.sql</filename>
        <filename>sql/joomlawatch-16.sql</filename>
        <filename>sql/joomlawatch-17.sql</filename>
        <filename>sql/joomlawatch-18.sql</filename>
        <filename>sql/joomlawatch-19.sql</filename>

        <filename>sql/joomlawatch-20.sql</filename>
        <filename>sql/joomlawatch-21.sql</filename>
        <filename>sql/joomlawatch-22.sql</filename>
        <filename>sql/joomlawatch-23.sql</filename>
        <filename>sql/joomlawatch-24.sql</filename>
        <filename>sql/joomlawatch-25.sql</filename>
        <filename>sql/joomlawatch-26.sql</filename>
        <filename>sql/joomlawatch-27.sql</filename>
        <filename>sql/joomlawatch-28.sql</filename>
        <filename>sql/joomlawatch-29.sql</filename>

        <filename>sql/joomlawatch-30.sql</filename>
        <filename>sql/joomlawatch-31.sql</filename>
        <filename>sql/joomlawatch-32.sql</filename>
        <filename>sql/joomlawatch-33.sql</filename>
        <filename>sql/joomlawatch-34.sql</filename>
        <filename>sql/joomlawatch-35.sql</filename>
        <filename>sql/joomlawatch-36.sql</filename>
        <filename>sql/joomlawatch-37.sql</filename>
        <filename>sql/joomlawatch-38.sql</filename>
        <filename>sql/joomlawatch-39.sql</filename>

        <filename>sql/joomlawatch-40.sql</filename>
        <filename>sql/joomlawatch-41.sql</filename>
        <filename>sql/joomlawatch-42.sql</filename>
        <filename>sql/joomlawatch-43.sql</filename>
        <filename>sql/joomlawatch-44.sql</filename>
        <filename>sql/joomlawatch-45.sql</filename>
        <filename>sql/joomlawatch-46.sql</filename>
        <filename>sql/joomlawatch-47.sql</filename>
        <filename>sql/joomlawatch-48.sql</filename>
        <filename>sql/joomlawatch-49.sql</filename>

        <filename>sql/joomlawatch-50.sql</filename>
        <filename>sql/joomlawatch-51.sql</filename>
        <filename>sql/joomlawatch-52.sql</filename>
        <filename>sql/joomlawatch-53.sql</filename>
        <filename>sql/joomlawatch-54.sql</filename>
        <filename>sql/joomlawatch-55.sql</filename>
        <filename>sql/joomlawatch-56.sql</filename>
        <filename>sql/joomlawatch-57.sql</filename>
        <filename>sql/joomlawatch-58.sql</filename>
        <filename>sql/joomlawatch-59.sql</filename>

		
		<filename>sql/joomlawatch-60.sql</filename>
        <filename>sql/joomlawatch-61.sql</filename>
        <filename>sql/joomlawatch-62.sql</filename>
        <filename>sql/joomlawatch-63.sql</filename>
        <filename>sql/joomlawatch-64.sql</filename>

		
    </files>

    <install>
        <queries>

			<query>
                CREATE TABLE IF NOT EXISTS `#__joomlawatch` (
                `id` int unsigned auto_increment primary key,
                `ip` varchar(255) default NULL,
                `country` varchar(2) default NULL,
                `browser` varchar(255) default NULL COLLATE utf8_general_ci,
                `referer` varchar(255) default NULL COLLATE utf8_general_ci,
                `username` varchar(255) default NULL COLLATE utf8_general_ci,
				  KEY `ip` (`ip`),
				  KEY `browser` (`browser`),
				  KEY `country` (`country`)
                );
            </query>

            <query>
                DROP TABLE IF EXISTS `#__joomlawatch_config` ;
            </query>

			<query>
                CREATE TABLE IF NOT EXISTS `#__joomlawatch_config` (
                `id` int unsigned auto_increment primary key,
                `name` varchar(255) default NULL COLLATE utf8_general_ci,
                `value` TEXT default NULL COLLATE utf8_general_ci,
				  KEY `name` (`name`)
			);
            </query>

			<query>
                CREATE TABLE IF NOT EXISTS `#__joomlawatch_info` (
                `id` int unsigned auto_increment primary key,
                `group` int(3) default NULL COLLATE utf8_general_ci,
                `date` int(6) default NULL COLLATE utf8_general_ci,
                `name` varchar(255) default NULL COLLATE utf8_general_ci,
                `value` int unsigned default NULL COLLATE utf8_general_ci,
				  KEY `group` (`group`),
				  KEY `name` (`name`),
				  KEY `date` (`date`)
                );
            </query>

            <query>
                CREATE TABLE IF NOT EXISTS `#__joomlawatch_ip2c` (
                `start` int(10) unsigned NOT NULL default '0',
                `end` int(10) unsigned NOT NULL default '0',
                `country` char(2) NOT NULL default '',
				  KEY `start` (`start`),
				  KEY `end` (`end`)
                );
            </query>

			<query>
                CREATE TABLE IF NOT EXISTS `#__joomlawatch_uri` (
                `id` int unsigned auto_increment primary key,
                `fk` int unsigned default NULL,
                `timestamp` int unsigned default NULL,
                `uri` varchar(255) default NULL COLLATE utf8_general_ci,
                `title` varchar(255) default NULL COLLATE utf8_general_ci,
				  KEY `fk` (`fk`),
				  KEY `timestamp` (`timestamp`)
                );
            </query>

			<query>
                CREATE TABLE IF NOT EXISTS `#__joomlawatch_blocked` (
                `id` int unsigned auto_increment primary key,
                `ip` varchar(255) default NULL,
                `hits` int unsigned default NULL,
                `date` int(5) default NULL,
                `reason` varchar(255) default NULL COLLATE utf8_general_ci,
				  KEY `ip` (`ip`),
				  KEY `date` (`date`)
                );
            </query>

			<query>
                CREATE TABLE IF NOT EXISTS `#__joomlawatch_goals` (
                `id` int(11) NOT NULL auto_increment primary key,
                `name` varchar(255) default NULL COLLATE utf8_general_ci,
                `username_inversed` varchar(3) DEFAULT NULL,
                `parentId` int(11) default NULL,
                `uri_condition` varchar(255) default NULL COLLATE utf8_general_ci,
                `uri_inversed` varchar(3) DEFAULT NULL,
                `get_var` varchar(255) default NULL COLLATE utf8_general_ci,
                `get_condition` varchar(255) default NULL COLLATE utf8_general_ci,
                `get_inversed` varchar(3) DEFAULT NULL,
                `post_var` varchar(255) default NULL COLLATE utf8_general_ci,
                `post_condition` varchar(255) default NULL COLLATE utf8_general_ci,
                `post_inversed` varchar(3) DEFAULT NULL,
                `title_condition` varchar(255) default NULL COLLATE utf8_general_ci,
                `title_inversed` varchar(3) DEFAULT NULL,
                `username_condition` varchar(255) default NULL COLLATE utf8_general_ci,
                `ip_condition` varchar(255) default NULL COLLATE utf8_general_ci,
                `ip_inversed` varchar(3) DEFAULT NULL,
                `came_from_condition` varchar(255) default NULL COLLATE utf8_general_ci,
                `came_from_inversed` varchar(3) DEFAULT NULL,
                `country_condition` varchar(255) default NULL COLLATE utf8_general_ci,
                `country_inversed` varchar(3) DEFAULT NULL,
                `block` varchar(255) default NULL COLLATE utf8_general_ci,
                `redirect` varchar(255) default NULL COLLATE utf8_general_ci,
                `disabled` tinyint(1) default NULL
                );
            </query>

			<query>
                CREATE TABLE IF NOT EXISTS `#__joomlawatch_cache` (
                `id` int(11) NOT NULL auto_increment primary key,
                `key` varchar(255) default NULL COLLATE utf8_general_ci,
                `lastUpdate` int(11) default NULL,
                `cache` mediumtext COLLATE utf8_general_ci,
				KEY `key` (`key`)
                );
            </query>

			<query>
			    DROP TABLE IF EXISTS `#__joomlawatch_cc2c`;
			</query>
			
            <query>
                CREATE TABLE `#__joomlawatch_cc2c` (
                `id` tinyint(3) unsigned NOT NULL auto_increment primary key,
                `cc` char(2) NOT NULL,
                `country` varchar(50) NOT NULL,
				KEY `cc` (`cc`)
                );
            </query>

            <query>
                INSERT INTO `#__joomlawatch_cc2c` (`id`, `cc`, `country`) VALUES
                (1, 'gb', 'United Kingdom'),
                (2, 'us', 'United States'),
                (3, 'bm', 'Bermuda'),
                (4, 'se', 'Sweden'),
                (5, 'it', 'Italy'),
                (6, 'ca', 'Canada'),
                (7, 'vi', 'Virgin Islands, U.S.'),
                (8, 'pr', 'Puerto Rico'),
                (9, 'bo', 'Bolivia'),
                (10, 'nl', 'Netherlands'),
                (11, 'de', 'Germany'),
                (12, 'ch', 'Switzerland'),
                (13, 'fr', 'France'),
                (14, 'il', 'Israel'),
                (15, 'es', 'Spain'),
                (16, 'cl', 'Chile'),
                (17, 'bs', 'Bahamas'),
                (18, 'ar', 'Argentina'),
                (19, 'dm', 'Dominica'),
                (20, 'be', 'Belgium'),
                (21, 'ie', 'Ireland'),
                (22, 'bz', 'Belize'),
                (23, 'br', 'Brazil'),
                (24, 'mx', 'Mexico'),
                (25, 'jp', 'Japan'),
                (26, 'in', 'India'),
                (27, 'au', 'Australia'),
                (28, 'th', 'Thailand'),
                (29, 'cn', 'China'),
                (30, 'my', 'Malaysia'),
                (31, 'pk', 'Pakistan'),
                (32, 'nz', 'New Zealand'),
                (33, 'kr', 'Republic Of Korea'),
                (34, 'hk', 'Hong Kong'),
                (35, 'sg', 'Singapore'),
                (36, 'bd', 'Bangladesh'),
                (37, 'id', 'Indonesia'),
                (38, 'ph', 'Philippines'),
                (39, 'tw', 'Taiwan'),
                (40, 'af', 'Afghanistan'),
                (41, 'vn', 'Viet Nam'),
                (42, 'pa', 'Panama'),
                (43, 'nc', 'New Caledonia'),
                (44, 'bn', 'Brunei Darussalam'),
                (45, 'gr', 'Greece'),
                (46, 'sa', 'Saudi Arabia'),
                (47, 'pl', 'Poland'),
                (48, 'me', 'Montenegro'),
                (49, 'cz', 'Czech Republic'),
                (50, 'ru', 'Russian Federation'),
                (51, 'dk', 'Denmark'),
                (52, 'zw', 'Zimbabwe'),
                (53, 'iq', 'Iraq'),
                (54, 'fi', 'Finland'),
                (55, 'ir', 'Islamic Republic Of Iran'),
                (56, 'eg', 'Egypt'),
                (57, 'ng', 'Nigeria'),
                (58, 'ae', 'United Arab Emirates'),
                (59, 'gh', 'Ghana'),
                (60, 'ga', 'Gabon'),
                (61, 'ug', 'Uganda'),
                (62, 'sd', 'Sudan'),
                (63, 'cy', 'Cyprus'),
                (64, 'no', 'Norway'),
                (65, 'at', 'Austria'),
                (66, 'ua', 'Ukraine'),
                (67, 'tj', 'Tajikistan'),
                (68, 'pt', 'Portugal'),
                (69, 'tr', 'Turkey'),
                (70, 'ge', 'Georgia'),
                (71, 'by', 'Belarus'),
                (72, 'am', 'Armenia'),
                (73, 'lb', 'Lebanon'),
                (74, 'md', 'Republic Of Moldova'),
                (75, 'bg', 'Bulgaria'),
                (76, 'mz', 'Mozambique'),
                (77, 'ao', 'Angola'),
                (78, 'ke', 'Kenya'),
                (79, 'cd', 'The Democratic Republic Of The Congo'),
                (80, 'mg', 'Madagascar'),
                (81, 'tz', 'United Republic Of Tanzania'),
                (82, 'tg', 'Togo'),
                (83, 'zm', 'Zambia'),
                (84, 'cm', 'Cameroon'),
                (85, 'om', 'Oman'),
                (86, 'lv', 'Latvia'),
                (87, 'kz', 'Kazakhstan'),
                (88, 'ee', 'Estonia'),
                (89, 'sk', 'Slovakia'),
                (90, 'ba', 'Bosnia And Herzegovina'),
                (91, 'hu', 'Hungary'),
                (92, 'kw', 'Kuwait'),
                (93, 'al', 'Albania'),
                (94, 'lt', 'Lithuania'),
                (95, 'lr', 'Liberia'),
                (96, 'sm', 'San Marino'),
                (97, 'ro', 'Romania'),
                (98, 'cs', 'Serbia And Montenegro'),
                (99, 'rs', 'Serbia'),
                (100, 'lu', 'Luxembourg'),
                (101, 'ma', 'Morocco'),
                (102, 'dz', 'Algeria'),
                (103, 'is', 'Iceland'),
                (104, 'cr', 'Costa Rica'),
                (105, 'mk', 'The Former Yugoslav Republic Of Macedonia'),
                (106, 'mt', 'Malta'),
                (107, 'gm', 'Gambia'),
                (108, 'sz', 'Swaziland'),
                (109, 'za', 'South Africa'),
                (110, 'mw', 'Malawi'),
                (111, 'fk', 'Falkland Islands (Malvinas)'),
                (112, 'bh', 'Bahrain'),
                (113, 'uz', 'Uzbekistan'),
                (114, 'az', 'Azerbaijan'),
                (115, 'mc', 'Monaco'),
                (116, 'ht', 'Haiti'),
                (117, 'gu', 'Guam'),
                (118, 'fm', 'Federated States Of Micronesia'),
                (119, 'co', 'Colombia'),
                (120, 'ec', 'Ecuador'),
                (121, 'ky', 'Cayman Islands'),
                (122, 'pe', 'Peru'),
                (123, 'hn', 'Honduras'),
                (124, 'sl', 'Sierra Leone'),
                (125, 'ml', 'Mali'),
                (126, 'lc', 'Saint Lucia'),
                (127, 'vg', 'Virgin Islands, British'),
                (128, 'ni', 'Nicaragua'),
                (129, 'do', 'Dominican Republic'),
                (130, 'an', 'Netherlands Antilles'),
                (131, 'gt', 'Guatemala'),
                (132, 'tt', 'Trinidad And Tobago'),
                (133, 'bv', 'Bouvet Island'),
                (134, 've', 'Venezuela'),
                (135, 'ws', 'Samoa'),
                (136, 'mh', 'Marshall Islands'),
                (137, 'mp', 'Northern Mariana Islands'),
                (138, 'pw', 'Palau'),
                (139, 'bb', 'Barbados'),
                (140, 'gd', 'Grenada'),
                (141, 'vc', 'Saint Vincent And The Grenadines'),
                (142, 'sv', 'El Salvador'),
                (143, 'jm', 'Jamaica'),
                (144, 'cu', 'Cuba'),
                (145, 'tc', 'Turks And Caicos Islands'),
                (146, 'cg', 'Congo'),
                (147, 'py', 'Paraguay'),
                (148, 'rw', 'Rwanda'),
                (149, 'sr', 'Suriname'),
                (150, 'gy', 'Guyana'),
                (151, 'pg', 'Papua New Guinea'),
                (152, 'kn', 'Saint Kitts And Nevis'),
                (153, 'ag', 'Antigua And Barbuda'),
                (154, 'gi', 'Gibraltar'),
                (155, 'aw', 'Aruba'),
                (156, 'uy', 'Uruguay'),
                (157, 'jo', 'Jordan'),
                (158, 'sy', 'Syrian Arab Republic'),
                (159, 'um', 'United States Minor Outlying Islands'),
                (160, 'si', 'Slovenia'),
                (161, 'mu', 'Mauritius'),
                (162, 'bf', 'Burkina Faso'),
                (163, 'ne', 'Niger'),
                (164, 'je', 'Jersey'),
                (165, 'kg', 'Kyrgyzstan'),
                (166, 'tm', 'Turkmenistan'),
                (167, 'hr', 'Croatia'),
                (168, 'im', 'Isle Of Man'),
                (169, 'gn', 'Guinea'),
                (170, 'mm', 'Myanmar'),
                (171, 'bj', 'Benin'),
                (172, 'cf', 'Central African Republic'),
                (173, 'et', 'Ethiopia'),
                (174, 'np', 'Nepal'),
                (175, 'bt', 'Bhutan'),
                (176, 'qa', 'Qatar'),
                (177, 'na', 'Namibia'),
                (178, 'bw', 'Botswana'),
                (179, 'td', 'Chad'),
                (180, 'ax', 'Aland Islands'),
                (181, 'li', 'Liechtenstein'),
                (182, 're', 'Reunion'),
                (183, 'ci', 'Cote D''Ivoire'),
                (184, 'fo', 'Faroe Islands'),
                (185, 'so', 'Somalia'),
                (186, 'ps', 'Palestinian Territory, Occupied'),
                (187, 'gq', 'Equatorial Guinea'),
                (188, 'sn', 'Senegal'),
                (189, 'tn', 'Tunisia'),
                (190, 'ye', 'Yemen'),
                (191, 'km', 'Comoros'),
                (192, 'bi', 'Burundi'),
                (193, 'ls', 'Lesotho'),
                (194, 'mr', 'Mauritania'),
                (195, 'nr', 'Nauru'),
                (196, 'ly', 'Libyan Arab Jamahiriya'),
                (197, 'sc', 'Seychelles'),
                (198, 'la', 'Lao People''S Democratic Republic'),
                (199, 'lk', 'Sri Lanka'),
                (200, 'mq', 'Martinique'),
                (201, 'gp', 'Guadeloupe'),
                (202, 'va', 'Holy See (Vatican City State)'),
                (203, 'yt', 'Mayotte'),
                (204, 'aq', 'Antarctica'),
                (205, 'ad', 'Andorra'),
                (206, 'mo', 'Macao'),
                (207, 'cv', 'Cape Verde'),
                (208, 'gl', 'Greenland'),
                (209, 'gw', 'Guinea-Bissau'),
                (210, 'er', 'Eritrea'),
                (211, 'vu', 'Vanuatu'),
                (212, 'fj', 'Fiji'),
                (213, 'kh', 'Cambodia'),
                (214, 'mn', 'Mongolia'),
                (215, 'mv', 'Maldives'),
                (216, 'wf', 'Wallis And Futuna'),
                (217, 'pf', 'French Polynesia'),
                (218, 'dj', 'Djibouti'),
                (219, 'st', 'Sao Tome And Principe'),
                (220, 'ms', 'Montserrat'),
                (221, 'tf', 'French Southern Territories'),
                (222, 'gf', 'French Guiana'),
                (223, 'gs', 'South Georgia And The South Sandwich Islands'),
                (224, 'sb', 'Solomon Islands'),
                (225, 'tv', 'Tuvalu'),
                (226, 'ki', 'Kiribati'),
                (227, 'to', 'Tonga'),
                (228, 'io', 'British Indian Ocean Territory'),
                (229, 'nu', 'Niue'),
                (230, 'ck', 'Cook Islands'),
                (231, 'as', 'American Samoa'),
                (232, 'tl', 'Timor-Leste'),
                (233, 'tk', 'Tokelau'),
                (234, 'nf', 'Norfolk Island'),
                (235, 'ai', 'Anguilla');
            </query>

            <query>
                CREATE TABLE IF NOT EXISTS `#__joomlawatch_uri2title` (
                `id` int(11) NOT NULL auto_increment primary key,
                `uri` varchar(255) default NULL COLLATE utf8_general_ci,
                `title` varchar(255) default NULL COLLATE utf8_general_ci,
                `count` int(11) default 0,
                `timestamp` int(11) default NULL,
				KEY `uri` (`uri`)
                );
            </query>

            <query>
                CREATE TABLE IF NOT EXISTS `#__joomlawatch_internal` (
                `id` int(11) NOT NULL auto_increment primary key,
                `from` varchar(255) default NULL COLLATE utf8_general_ci,
                `to` varchar(255) default NULL COLLATE utf8_general_ci,
                `timestamp` int(11) default NULL,
				KEY `from` (`from`),
				KEY `to` (`to`)
                );
            </query>

            <query>
                CREATE TABLE IF NOT EXISTS `#__joomlawatch_history` (
                `id` int unsigned auto_increment primary key,
                `ip` varchar(255) default NULL,
                `country` varchar(2) default NULL,
                `browser` varchar(255) default NULL COLLATE utf8_general_ci,
                `referer` varchar(255) default NULL COLLATE utf8_general_ci,
                `username` varchar(255) default NULL COLLATE utf8_general_ci,
				  KEY `ip` (`ip`),
				  KEY `browser` (`browser`),
				  KEY `country` (`country`)
                );
            </query>


            <query>
                CREATE TABLE IF NOT EXISTS `#__joomlawatch_uri_history` (
                `id` int unsigned auto_increment primary key,
                `fk` int unsigned default NULL,
                `timestamp` int unsigned default NULL,
                `uri` varchar(255) default NULL COLLATE utf8_general_ci,
                `title` varchar(255) default NULL COLLATE utf8_general_ci,
				  KEY `fk` (`fk`),
				  KEY `timestamp` (`timestamp`)
                );
            </query>

            <query>
				CREATE TABLE IF NOT EXISTS `#__joomlawatch_flow` (
				`id` int(11) NOT NULL auto_increment primary key,
				`from` int(11) default NULL,
				`to` int(11) default NULL,
				`count` int(11) default NULL,
                KEY `from` (`from`),
                KEY `to` (`to`)
				);
            </query>
			
			
            <query>
				CREATE TABLE IF NOT EXISTS `#__joomlawatch_uri_post` (
				`id` int(11) NOT NULL auto_increment,
				`uriid` int(11) NOT NULL,
				`key` varchar(255) NOT NULL,
				`value` varchar(255) NOT NULL,
				`type` int(11) NOT NULL,
				PRIMARY KEY  (`id`),
				KEY `uriid` (`uriid`),
				KEY `type` (`type`)
				);
            </query>
			
			<query>
				CREATE TABLE IF NOT EXISTS `#__joomlawatch_keyphrase` (
				`id` int(11) NOT NULL AUTO_INCREMENT,
				`name` varchar(255) DEFAULT NULL,
				PRIMARY KEY (`id`)
				);
			</query>

			<query>
				CREATE TABLE IF NOT EXISTS `#__joomlawatch_uri2keyphrase` (
				`id` int(11) NOT NULL AUTO_INCREMENT,
				`uriId` int(11) NOT NULL,
				`keywordId` int(11) NOT NULL,
				PRIMARY KEY (`id`)
			);
			</query>

        </queries>
    </install>

    <installfile>install.joomlawatch.php</installfile>
    <uninstallfile>uninstall.joomlawatch.php</uninstallfile>

    <administration>
        <menu>JoomlaWatch</menu>
        <files>
            <filename>admin.joomlawatch.php</filename>
        </files>
    </administration>
</install>
