<?xml version="1.0" encoding="UTF-8"?>
<extension type="component" version="1.6.0" method="upgrade">
 
    <name>JoomlaWatch</name>
    <creationDate>2011</creationDate>
    <author>Matej Koval - http://www.codegravity.com</author>
    <copyright>Copyright 2006-2011 by Matej Koval</copyright>
    <authorEmail>foo@codegravity.com</authorEmail>
    <authorUrl>http://www.codegravity.com</authorUrl>
    <version>1.2.18 BETA.507</version>
    <license>http://www.gnu.org/licenses/gpl-3.0.txt GNU/GPLv3</license>
    <description>
        JoomlaWatch is an AJAX component and module for Joomla CMS that allows you to watch
        your website visitors and bots in real-time from the administration menu. Specially
        their IP addresses, countries they come from, geographical location on a map, which
        pages they are viewing, their browser and operating system, it creates daily and
        all-time stats from these information plus unique, pageload and total hits statistics.
        Furthermore, you can block harmful IP addresses, see blocked attempts stats, evaluate
        the trend charts, and create goals based on many parameters. In the frontend, it can
        show the top countries information and visit counts for certain periods of time.
    </description>

        <install>
        <sql>
			<file driver="mysql" charset="utf8">sql/install.mysql.utf8.sql</file>
		</sql>
		</install>

        <uninstall> <!-- Runs on uninstall -->
<!--    
	<sql>
                        <file driver="mysql" charset="utf8">sql/uninstall.mysql.utf8.sql</file>
                </sql>
				-->
        </uninstall>
<!--        <update> 
                <schemas>
                        <schemapath type="mysql">sql/updates/mysql</schemapath>
                </schemas>
        </update>
		 -->
 
        <!-- Site Main File Copy Section -->
        <!-- Note the folder attribute: This attribute describes the folder
                to copy FROM in the package to install therefore files copied
                in this section are copied from /site/ in the package -->
        <files>
        <filename>lang/english.php</filename>
        <filename>lang/german.utf-8.php</filename>
        <filename>lang/slovak.utf-8.php</filename>
        <filename>lang/slovak.iso8859-2.php</filename>
        <filename>lang/spanish.utf-8.php</filename>
        <filename>lang/russian.utf-8.php</filename>
        <filename>lang/russian.cp1251.php</filename>
        <filename>lang/french.utf-8.php</filename>
        <filename>lang/dutch.php</filename>
        <filename>lang/brazilian.portuguese.utf-8.php</filename>
        <filename>lang/slovenian.utf-8.php</filename>
        <filename>lang/greek.utf-8.php</filename>
        <filename>lang/swedish.utf-8.php</filename>
        <filename>lang/czech.utf-8.php</filename>
        <filename>lang/danish.utf-8.php</filename>
        <filename>lang/lithuanian.utf-8.php</filename>
        <filename>lang/polish.utf-8.php</filename>
        <filename>lang/turkish.utf-8.php</filename>
        <filename>lang/italian.utf-8.php</filename>
        <filename>lang/latvian.utf-8.php</filename>
        <filename>lang/ukrainian.utf-8.php</filename>
        <filename>lang/ukrainian.cp1251.php</filename>
        <filename>lang/bulgarian.utf-8.php</filename>
        <filename>lang/estonian.php</filename>
        <filename>lang/estonian.utf-8.php</filename>

        <filename>view/adminbody.php</filename>
        <filename>view/adminheader.php</filename>
        <filename>view/adminstyles.php</filename>
        <filename>view/antispam.php</filename>
        <filename>view/credits.php</filename>
        <filename>view/datecontrol.php</filename>
        <filename>view/emails.php</filename>
        <filename>view/flow.php</filename>
        <filename>view/goal.php</filename>
        <filename>view/goals.php</filename>
        <filename>view/history.php</filename>
        <filename>view/license.php</filename>
        <filename>view/license-commercial.php</filename>
        <filename>view/license-free.php</filename>
        <filename>view/settings.php</filename>
        <filename>view/sizecomponents.php</filename>
        <filename>view/sizemodules.php</filename>
        <filename>view/sizedatabase.php</filename>
        <filename>view/sizes.php</filename>
        <filename>view/stats-footer.php</filename>
        <filename>view/stats-header.php</filename>
        <filename>view/stats-today.php</filename>
        <filename>view/stats-total.php</filename>
        <filename>view/status.php</filename>
        <filename>view/trendtooltip.php</filename>
        <filename>view/visits.php</filename>
        <filename>view/index.html</filename>
        <filename>view/update.php</filename>
        <filename>view/seo.php</filename>
        <filename>view/datecontrolget.php</filename>

        <filename>log/joomlawatch.log.php</filename>

        <filename>admin.joomlawatch.html.php</filename>

        <filename>class.joomlawatch.block.php</filename>
        <filename>class.joomlawatch.block.html.php</filename>
        <filename>class.joomlawatch.cache.php</filename>
        <filename>class.joomlawatch.config.php</filename>
        <filename>class.joomlawatch.db.php</filename>
        <filename>class.joomlawatch.flow.php</filename>
        <filename>class.joomlawatch.flow.html.php</filename>
        <filename>class.joomlawatch.goal.php</filename>
        <filename>class.joomlawatch.goal.html.php</filename>
        <filename>class.joomlawatch.helper.php</filename>
        <filename>class.joomlawatch.log.php</filename>
        <filename>class.joomlawatch.sizes.php</filename>
        <filename>class.joomlawatch.stat.php</filename>
        <filename>class.joomlawatch.stat.html.php</filename>
        <filename>class.joomlawatch.trend.html.php</filename>
        <filename>class.joomlawatch.visit.php</filename>
        <filename>class.joomlawatch.visit.history.php</filename>
        <filename>class.joomlawatch.visit.history.html.php</filename>
        <filename>class.joomlawatch.visit.html.php</filename>
        <filename>class.ipinfodb.php</filename>
        <filename>includes.php</filename>

        <filename>class.ip2country.php</filename>
        <filename>class.joomlawatch.php</filename>
        <filename>class.joomlawatch.html.php</filename>
        <filename>config.php</filename>
        <filename>img.php</filename>
        <filename>stats.php</filename>
        <filename>visits.php</filename>
        <filename>block.php</filename>
        <filename>last.php</filename>
        <filename>lastvisit.php</filename>
        <filename>sizequery.php</filename>
        <filename>sizequerytotal.php</filename>
        <filename>vars.php</filename>

        <filename>tooltip.php</filename>
        <filename>trendtooltip.php</filename>

        <filename>index.html</filename>
        <filename>css/index.html</filename>
        <filename>flags/index.html</filename>
        <filename>icons/index.html</filename>
        <filename>js/index.html</filename>
        <filename>lang/index.html</filename>
        <filename>sql/index.html</filename>

        <filename>INSTALL.txt</filename>
        <filename>LICENSE.txt</filename>
        <filename>README.txt</filename>
        <filename>UPGRADE.txt</filename>

        <filename>js/ajax-dynamic-content.js</filename>
        <filename>js/ajax.js</filename>
        <filename>js/coda-slider.1.1.1.js</filename>
        <filename>js/fade.js</filename>
        <filename>js/joomlawatch.js.php</filename>
        <filename>js/jquery.js</filename>
        <filename>js/jquery-1.4.2.min.js</filename>
        <filename>js/jquery-easing.1.2.js</filename>
        <filename>js/jquery-easing-compatibility.1.2.js</filename>
        <filename>js/jquery-ui-1.8.1.custom.min.js</filename>
        <filename>js/maps.js.php</filename>
        <filename>js/jxml.js</filename>
        <filename>js/jdownloadurl.js</filename>
        <filename>js/OpenLayers/OpenLayers.js</filename>
        <filename>js/OpenLayers/img/east-mini.png</filename>
		<filename>js/OpenLayers/img/marker.png</filename>
		<filename>js/OpenLayers/img/north-mini.png</filename>
		<filename>js/OpenLayers/img/slider.png</filename>
		<filename>js/OpenLayers/img/south-mini.png</filename>
		<filename>js/OpenLayers/img/west-mini.png</filename>
		<filename>js/OpenLayers/img/zoom-minus-mini.png</filename>
		<filename>js/OpenLayers/img/zoom-plus-mini.png</filename>
		<filename>js/OpenLayers/img/zoom-world-mini.png</filename>
        
		<filename>js/springy/springy.js</filename>
		<filename>js/springy/springyui.js</filename>
		<filename>js/springy/LICENSE</filename>

        <filename>css/joomlawatch.css.php</filename>
        <filename>css/ajax-tooltip.css</filename>
        <filename>css/coda-slider.css</filename>
        <filename>css/joomlawatch.css</filename>

        <filename>icons/map_icon.gif</filename>
        <filename>icons/trend_icon.gif</filename>

        <filename>icons/published.png</filename>
        <filename>icons/unpublished.png</filename>
        <filename>icons/reload.gif</filename>
        <filename>icons/new.gif</filename>
        <filename>icons/edit.gif</filename>
        <filename>icons/delete.gif</filename>
        <filename>icons/print.gif</filename>
        <filename>icons/goal.gif</filename>
        <filename>icons/help.gif</filename>

        <filename>icons/progress_bar_vertical.gif</filename>
        <filename>icons/progress_bar_vertical_wide.gif</filename>
        <filename>icons/progress_bar_vertical_faded.gif</filename>
        <filename>icons/trend_gray.gif</filename>
        <filename>icons/trend_red.gif</filename>
        <filename>icons/trend_green.gif</filename>
        <filename>icons/external.gif</filename>
        <filename>icons/emails.png</filename>

        <filename>icons/blank.gif</filename>
        <filename>icons/bsd.gif</filename>
        <filename>icons/calendar.gif</filename>
        <filename>icons/collapse.gif</filename>
        <filename>icons/expand.gif</filename>
        <filename>icons/explorer.gif</filename>
        <filename>icons/firefox.gif</filename>
        <filename>icons/joomlawatch-logo-16x16.gif</filename>
        <filename>icons/joomlawatch-logo-16x16-blank.gif</filename>
        <filename>icons/joomlawatch-logo-32x32.gif</filename>
        <filename>icons/linux.gif</filename>
        <filename>icons/mac.gif</filename>
        <filename>icons/mozilla.gif</filename>
        <filename>icons/opera.gif</filename>
        <filename>icons/palm.gif</filename>
        <filename>icons/progress_bar.gif</filename>
        <filename>icons/progress_bar_hits.gif</filename>
        <filename>icons/progress_bar_loads.gif</filename>
        <filename>icons/progress_bar_unique.gif</filename>
        <filename>icons/safari.gif</filename>
        <filename>icons/sun.gif</filename>
        <filename>icons/tab-none.gif</filename>
        <filename>icons/tab-off.gif</filename>
        <filename>icons/tab-on.gif</filename>
        <filename>icons/unknown-os.gif</filename>
        <filename>icons/windows.gif</filename>
        <filename>icons/windows98.gif</filename>
        <filename>icons/windowsnt.gif</filename>
        <filename>icons/windowsvista.gif</filename>
        <filename>icons/windowsxp.gif</filename>
        <filename>icons/chrome.gif</filename>
        <filename>icons/windows7.gif</filename>

        <filename>icons/settings.gif</filename>
        <filename>icons/antispam.gif</filename>
        <filename>icons/credits.png</filename>
        <filename>icons/credits-background.png</filename>
        <filename>icons/history.png</filename>
        <filename>icons/status.png</filename>
        <filename>icons/joomlawatch-logo.png</filename>
        <filename>icons/block.png</filename>
        <filename>icons/license.png</filename>
        <filename>icons/tick.png</filename>

		<filename>icons/submit.png</filename>
		<filename>icons/sizes.png</filename>
		<filename>icons/flow.png</filename>
		<filename>icons/hsv.png</filename>
		<filename>icons/refresh.png</filename>
		<filename>icons/refresh_all.png</filename>
		<filename>icons/joomlawatch-demo-pro.png</filename>
		<filename>icons/update.png</filename>
		<filename>icons/seo.png</filename>

        <filename>flags/none.png</filename>
        <filename>flags/ad.png</filename>
        <filename>flags/ae.png</filename>
        <filename>flags/af.png</filename>
        <filename>flags/ag.png</filename>
        <filename>flags/ai.png</filename>
        <filename>flags/al.png</filename>
        <filename>flags/am.png</filename>
        <filename>flags/an.png</filename>
        <filename>flags/ao.png</filename>
        <filename>flags/aq.png</filename>
        <filename>flags/ar.png</filename>
        <filename>flags/as.png</filename>
        <filename>flags/at.png</filename>
        <filename>flags/au.png</filename>
        <filename>flags/aw.png</filename>
        <filename>flags/ax.png</filename>
        <filename>flags/az.png</filename>
        <filename>flags/ba.png</filename>
        <filename>flags/bb.png</filename>
        <filename>flags/bd.png</filename>
        <filename>flags/be.png</filename>
        <filename>flags/bf.png</filename>
        <filename>flags/bg.png</filename>
        <filename>flags/bh.png</filename>
        <filename>flags/bi.png</filename>
        <filename>flags/bj.png</filename>
        <filename>flags/bm.png</filename>
        <filename>flags/bn.png</filename>
        <filename>flags/bo.png</filename>
        <filename>flags/br.png</filename>
        <filename>flags/bs.png</filename>
        <filename>flags/bt.png</filename>
        <filename>flags/bv.png</filename>
        <filename>flags/bw.png</filename>
        <filename>flags/by.png</filename>
        <filename>flags/bz.png</filename>
        <filename>flags/ca.png</filename>
        <filename>flags/cc.png</filename>
        <filename>flags/cd.png</filename>
        <filename>flags/cf.png</filename>
        <filename>flags/cg.png</filename>
        <filename>flags/ch.png</filename>
        <filename>flags/ci.png</filename>
        <filename>flags/ck.png</filename>
        <filename>flags/cl.png</filename>
        <filename>flags/cm.png</filename>
        <filename>flags/cn.png</filename>
        <filename>flags/co.png</filename>
        <filename>flags/cr.png</filename>
        <filename>flags/cs.png</filename>
        <filename>flags/cu.png</filename>
        <filename>flags/cv.png</filename>
        <filename>flags/cx.png</filename>
        <filename>flags/cy.png</filename>
        <filename>flags/cz.png</filename>
        <filename>flags/de.png</filename>
        <filename>flags/dj.png</filename>
        <filename>flags/dk.png</filename>
        <filename>flags/dm.png</filename>
        <filename>flags/do.png</filename>
        <filename>flags/dz.png</filename>
        <filename>flags/ec.png</filename>
        <filename>flags/ee.png</filename>
        <filename>flags/eg.png</filename>
        <filename>flags/eh.png</filename>
        <filename>flags/er.png</filename>
        <filename>flags/es.png</filename>
        <filename>flags/et.png</filename>
        <filename>flags/fi.png</filename>
        <filename>flags/fj.png</filename>
        <filename>flags/fk.png</filename>
        <filename>flags/fm.png</filename>
        <filename>flags/fo.png</filename>
        <filename>flags/fr.png</filename>
        <filename>flags/fx.png</filename>
        <filename>flags/ga.png</filename>
        <filename>flags/gb.png</filename>
        <filename>flags/gd.png</filename>
        <filename>flags/ge.png</filename>
        <filename>flags/gf.png</filename>
        <filename>flags/gg.png</filename>
        <filename>flags/gh.png</filename>
        <filename>flags/gi.png</filename>
        <filename>flags/gl.png</filename>
        <filename>flags/gm.png</filename>
        <filename>flags/gn.png</filename>
        <filename>flags/gp.png</filename>
        <filename>flags/gq.png</filename>
        <filename>flags/gr.png</filename>
        <filename>flags/gs.png</filename>
        <filename>flags/gt.png</filename>
        <filename>flags/gu.png</filename>
        <filename>flags/gw.png</filename>
        <filename>flags/gy.png</filename>
        <filename>flags/hk.png</filename>
        <filename>flags/hm.png</filename>
        <filename>flags/hn.png</filename>
        <filename>flags/hr.png</filename>
        <filename>flags/ht.png</filename>
        <filename>flags/hu.png</filename>
        <filename>flags/id.png</filename>
        <filename>flags/ie.png</filename>
        <filename>flags/il.png</filename>
        <filename>flags/in.png</filename>
        <filename>flags/io.png</filename>
        <filename>flags/iq.png</filename>
        <filename>flags/ir.png</filename>
        <filename>flags/is.png</filename>
        <filename>flags/it.png</filename>
        <filename>flags/je.png</filename>
        <filename>flags/jm.png</filename>
        <filename>flags/jo.png</filename>
        <filename>flags/jp.png</filename>
        <filename>flags/ke.png</filename>
        <filename>flags/kg.png</filename>
        <filename>flags/kh.png</filename>
        <filename>flags/ki.png</filename>
        <filename>flags/km.png</filename>
        <filename>flags/kn.png</filename>
        <filename>flags/kp.png</filename>
        <filename>flags/kr.png</filename>
        <filename>flags/kw.png</filename>
        <filename>flags/ky.png</filename>
        <filename>flags/kz.png</filename>
        <filename>flags/la.png</filename>
        <filename>flags/lb.png</filename>
        <filename>flags/lc.png</filename>
        <filename>flags/li.png</filename>
        <filename>flags/lk.png</filename>
        <filename>flags/lr.png</filename>
        <filename>flags/ls.png</filename>
        <filename>flags/lt.png</filename>
        <filename>flags/lu.png</filename>
        <filename>flags/lv.png</filename>
        <filename>flags/ly.png</filename>
        <filename>flags/ma.png</filename>
        <filename>flags/mc.png</filename>
        <filename>flags/md.png</filename>
        <filename>flags/me.png</filename>
        <filename>flags/mg.png</filename>
        <filename>flags/mh.png</filename>
        <filename>flags/mk.png</filename>
        <filename>flags/ml.png</filename>
        <filename>flags/mm.png</filename>
        <filename>flags/mn.png</filename>
        <filename>flags/mo.png</filename>
        <filename>flags/mp.png</filename>
        <filename>flags/mq.png</filename>
        <filename>flags/mr.png</filename>
        <filename>flags/ms.png</filename>
        <filename>flags/mt.png</filename>
        <filename>flags/mu.png</filename>
        <filename>flags/mv.png</filename>
        <filename>flags/mw.png</filename>
        <filename>flags/mx.png</filename>
        <filename>flags/my.png</filename>
        <filename>flags/mz.png</filename>
        <filename>flags/na.png</filename>
        <filename>flags/nc.png</filename>
        <filename>flags/ne.png</filename>
        <filename>flags/nf.png</filename>
        <filename>flags/ng.png</filename>
        <filename>flags/ni.png</filename>
        <filename>flags/nl.png</filename>
        <filename>flags/no.png</filename>
        <filename>flags/np.png</filename>
        <filename>flags/nr.png</filename>
        <filename>flags/nu.png</filename>
        <filename>flags/nz.png</filename>
        <filename>flags/om.png</filename>
        <filename>flags/pa.png</filename>
        <filename>flags/pe.png</filename>
        <filename>flags/pf.png</filename>
        <filename>flags/pg.png</filename>
        <filename>flags/ph.png</filename>
        <filename>flags/pk.png</filename>
        <filename>flags/pl.png</filename>
        <filename>flags/pm.png</filename>
        <filename>flags/pn.png</filename>
        <filename>flags/pr.png</filename>
        <filename>flags/ps.png</filename>
        <filename>flags/pt.png</filename>
        <filename>flags/pw.png</filename>
        <filename>flags/py.png</filename>
        <filename>flags/qa.png</filename>
        <filename>flags/re.png</filename>
        <filename>flags/ro.png</filename>
        <filename>flags/rs.png</filename>
        <filename>flags/rs.woa.png</filename>
        <filename>flags/ru.png</filename>
        <filename>flags/rw.png</filename>
        <filename>flags/sa.png</filename>
        <filename>flags/sb.png</filename>
        <filename>flags/sc.png</filename>
        <filename>flags/sd.png</filename>
        <filename>flags/se.png</filename>
        <filename>flags/sg.png</filename>
        <filename>flags/sh.png</filename>
        <filename>flags/si.png</filename>
        <filename>flags/sj.png</filename>
        <filename>flags/sk.png</filename>
        <filename>flags/sl.png</filename>
        <filename>flags/sm.png</filename>
        <filename>flags/sn.png</filename>
        <filename>flags/so.png</filename>
        <filename>flags/sr.png</filename>
        <filename>flags/st.png</filename>
        <filename>flags/sv.png</filename>
        <filename>flags/sy.png</filename>
        <filename>flags/sz.png</filename>
        <filename>flags/tc.png</filename>
        <filename>flags/td.png</filename>
        <filename>flags/tf.png</filename>
        <filename>flags/tg.png</filename>
        <filename>flags/th.png</filename>
        <filename>flags/tj.png</filename>
        <filename>flags/tk.png</filename>
        <filename>flags/tl.png</filename>
        <filename>flags/tm.png</filename>
        <filename>flags/tn.png</filename>
        <filename>flags/to.png</filename>
        <filename>flags/tp.png</filename>
        <filename>flags/tr.png</filename>
        <filename>flags/tt.png</filename>
        <filename>flags/tv.png</filename>
        <filename>flags/tw.png</filename>
        <filename>flags/tz.png</filename>
        <filename>flags/ua.png</filename>
        <filename>flags/ug.png</filename>
        <filename>flags/um.png</filename>
        <filename>flags/us.png</filename>
        <filename>flags/uy.png</filename>
        <filename>flags/uz.png</filename>
        <filename>flags/va.png</filename>
        <filename>flags/vc.png</filename>
        <filename>flags/ve.png</filename>
        <filename>flags/vg.png</filename>
        <filename>flags/vi.png</filename>
        <filename>flags/vn.png</filename>
        <filename>flags/vu.png</filename>
        <filename>flags/wf.png</filename>
        <filename>flags/ws.png</filename>
        <filename>flags/ye.png</filename>
        <filename>flags/yt.png</filename>
        <filename>flags/yu.png</filename>
        <filename>flags/za.png</filename>
        <filename>flags/zm.png</filename>
        <filename>flags/zw.png</filename>

		<filename>flags/bl.png</filename>
		<filename>flags/mf.png</filename>
		<filename>flags/xt.png</filename>
        <filename>flags/xx.png</filename>

        <filename>sql/joomlawatch-1.sql</filename>
        <filename>sql/joomlawatch-2.sql</filename>
        <filename>sql/joomlawatch-3.sql</filename>
        <filename>sql/joomlawatch-4.sql</filename>
        <filename>sql/joomlawatch-5.sql</filename>
        <filename>sql/joomlawatch-6.sql</filename>
        <filename>sql/joomlawatch-7.sql</filename>
        <filename>sql/joomlawatch-8.sql</filename>
        <filename>sql/joomlawatch-9.sql</filename>

        <filename>sql/joomlawatch-10.sql</filename>
        <filename>sql/joomlawatch-11.sql</filename>
        <filename>sql/joomlawatch-12.sql</filename>
        <filename>sql/joomlawatch-13.sql</filename>
        <filename>sql/joomlawatch-14.sql</filename>
        <filename>sql/joomlawatch-15.sql</filename>
        <filename>sql/joomlawatch-16.sql</filename>
        <filename>sql/joomlawatch-17.sql</filename>
        <filename>sql/joomlawatch-18.sql</filename>
        <filename>sql/joomlawatch-19.sql</filename>

        <filename>sql/joomlawatch-20.sql</filename>
        <filename>sql/joomlawatch-21.sql</filename>
        <filename>sql/joomlawatch-22.sql</filename>
        <filename>sql/joomlawatch-23.sql</filename>
        <filename>sql/joomlawatch-24.sql</filename>
        <filename>sql/joomlawatch-25.sql</filename>
        <filename>sql/joomlawatch-26.sql</filename>
        <filename>sql/joomlawatch-27.sql</filename>
        <filename>sql/joomlawatch-28.sql</filename>
        <filename>sql/joomlawatch-29.sql</filename>

        <filename>sql/joomlawatch-30.sql</filename>
        <filename>sql/joomlawatch-31.sql</filename>
        <filename>sql/joomlawatch-32.sql</filename>
        <filename>sql/joomlawatch-33.sql</filename>
        <filename>sql/joomlawatch-34.sql</filename>
        <filename>sql/joomlawatch-35.sql</filename>
        <filename>sql/joomlawatch-36.sql</filename>
        <filename>sql/joomlawatch-37.sql</filename>
        <filename>sql/joomlawatch-38.sql</filename>
        <filename>sql/joomlawatch-39.sql</filename>

        <filename>sql/joomlawatch-40.sql</filename>
        <filename>sql/joomlawatch-41.sql</filename>
        <filename>sql/joomlawatch-42.sql</filename>
        <filename>sql/joomlawatch-43.sql</filename>
        <filename>sql/joomlawatch-44.sql</filename>
        <filename>sql/joomlawatch-45.sql</filename>
        <filename>sql/joomlawatch-46.sql</filename>
        <filename>sql/joomlawatch-47.sql</filename>
        <filename>sql/joomlawatch-48.sql</filename>
        <filename>sql/joomlawatch-49.sql</filename>

        <filename>sql/joomlawatch-50.sql</filename>
        <filename>sql/joomlawatch-51.sql</filename>
        <filename>sql/joomlawatch-52.sql</filename>
        <filename>sql/joomlawatch-53.sql</filename>
        <filename>sql/joomlawatch-54.sql</filename>
        <filename>sql/joomlawatch-55.sql</filename>
        <filename>sql/joomlawatch-56.sql</filename>
        <filename>sql/joomlawatch-57.sql</filename>
        <filename>sql/joomlawatch-58.sql</filename>
        <filename>sql/joomlawatch-59.sql</filename>

		
		<filename>sql/joomlawatch-60.sql</filename>
        <filename>sql/joomlawatch-61.sql</filename>
        <filename>sql/joomlawatch-62.sql</filename>
        <filename>sql/joomlawatch-63.sql</filename>
        <filename>sql/joomlawatch-64.sql</filename>

		
    </files>


 <installfile>install.joomlawatch.php</installfile>
    <uninstallfile>uninstall.joomlawatch.php</uninstallfile>


	 <administration>
        <menu task="default" img="components/com_joomlawatch/icons/joomlawatch-logo-16x16.gif">JoomlaWatch</menu>
    <submenu>
        <menu 
        	link="option=com_joomlawatch" 
        	img="components/com_joomlawatch/icons/map_icon.gif"
			alt="Live Stats">Live Stats
        </menu>
        <menu 
        	link="option=com_joomlawatch&amp;task=seo" 
        	img="components/com_joomlawatch/icons/seo.png"
			alt="SEO">SEO
        </menu>
        <menu 
        	link="option=com_joomlawatch&amp;task=flow" 
        	img="components/com_joomlawatch/icons/flow.png"
			alt="Traffic Flow">Traffic Flow
        </menu>
        <menu 
        	link="option=com_joomlawatch&amp;task=graphs" 
        	img="components/com_joomlawatch/icons/trend_icon.gif"
			alt="Graphs &amp; Trends">Graphs &amp; Trends
        </menu>
        <menu 
        	link="option=com_joomlawatch&amp;task=goals" 
        	img="components/com_joomlawatch/icons/goal.gif"
			alt="Goals">Goals
        </menu>
        <menu 
        	link="option=com_joomlawatch&amp;task=history" 
        	img="components/com_joomlawatch/icons/history.png"
			alt="Visit History">Visit History
        </menu>
        <menu 
        	link="option=com_joomlawatch&amp;task=antiSpam" 
        	img="components/com_joomlawatch/icons/antispam.png"
			alt="Anti-spam &amp; Blocking">Anti-spam / Blocking
        </menu>
        <menu 
        	link="option=com_joomlawatch&amp;task=emails" 
        	img="components/com_joomlawatch/icons/emails.png"
			alt="Email Reports">Email Reports
        </menu>
        <menu 
        	link="option=com_joomlawatch&amp;task=license" 
        	img="components/com_joomlawatch/icons/license.png"
			alt="Your License">Your License
        </menu>
        <menu 
        	link="option=com_joomlawatch&amp;task=status" 
        	img="components/com_joomlawatch/icons/status.png"
			alt="Database Status">Database Status
        </menu>
        <menu 
        	link="option=com_joomlawatch&amp;task=sizes" 
        	img="components/com_joomlawatch/icons/sizes.png"
			alt="Modules / Components Sizes">Modules / Components Sizes
        </menu>
        <menu 
        	link="option=com_joomlawatch&amp;task=settings" 
        	img="components/com_joomlawatch/icons/settings.gif"
			alt="Settings">Settings
        </menu>
        <menu 
        	link="option=com_joomlawatch&amp;task=update" 
        	img="components/com_joomlawatch/icons/update.png"
			alt="Update">Update
        </menu>
        <menu 
        	link="option=com_joomlawatch&amp;task=credits" 
        	img="components/com_joomlawatch/icons/credits.png"
			alt="Credits">Credits
        </menu>
    </submenu>

		
        <files folder="admin">
			<folder>sql</folder>
			<folder>icons</folder>
            <filename>icons/joomlawatch-logo-16x16.gif</filename>
			<filename>icons/map_icon.gif</filename>
			<filename>icons/flow.png</filename>
			<filename>icons/trend_icon.gif</filename>
			<filename>icons/goal.gif</filename>
			<filename>icons/history.png</filename>
			<filename>icons/antispam.gif</filename>
			<filename>icons/emails.png</filename>
			<filename>icons/license.png</filename>
			<filename>icons/status.png</filename>
			<filename>icons/sizes.png</filename>
			<filename>icons/settings.gif</filename>
			<filename>icons/update.png</filename>
			<filename>icons/credits.png</filename>
            <filename>admin.joomlawatch.php</filename>
        </files>
     </administration>
        
    <administration>
    </administration>

	<updateservers>
		<server type="extension" priority="1" name="JoomlaWatch Update Site">http://www.codegravity.com/update/joomlawatch/joomlawatch-update.xml</server>
	</updateservers>
 
</extension>
